lon,lat,value
120.0,25.45,25.5
120.84,25.39,28.1
120.72,25.36,28.6
120.75,25.36,28.6
120.78,25.36,27.8
120.81,25.36,26.5
120.84,25.36,28.7
120.72,25.33,28.6
120.75,25.33,28.6
120.78,25.33,28.1
120.81,25.33,28.5
120.84,25.33,28.6
120.72,25.3,28.5
120.75,25.3,28.6
120.78,25.3,26.7
120.81,25.3,27.5
120.84,25.3,28.2
120.87,25.3,26.5
121.56,25.3,27.0
120.72,25.27,28.7
120.75,25.27,28.6
120.78,25.27,28.1
120.81,25.27,28.1
120.84,25.27,26.9
120.87,25.27,27.4
121.53,25.27,26.9
120.72,25.24,28.7
120.75,25.24,28.7
120.78,25.24,27.7
120.81,25.24,26.4
120.84,25.24,26.9
120.87,25.24,26.7
120.72,25.21,28.4
120.75,25.21,27.9
120.78,25.21,28.2
120.81,25.21,25.9
120.84,25.21,26.7
120.87,25.21,28.4
120.72,25.18,26.8
120.75,25.18,27.2
120.78,25.18,27.9
120.81,25.18,26.8
120.84,25.18,25.7
120.87,25.18,28.6
120.72,25.15,26.1
120.75,25.15,26.7
120.78,25.15,25.7
120.81,25.15,26.0
120.84,25.15,26.5
120.87,25.15,28.7
120.72,25.12,28.6
120.75,25.12,27.1
120.78,25.12,27.8
120.81,25.12,26.9
120.84,25.12,26.2
120.87,25.12,27.1
120.69,25.09,28.3
120.72,25.09,26.2
120.75,25.09,25.6
120.78,25.09,26.8
120.81,25.09,25.9
120.84,25.09,26.2
120.87,25.09,27.6
120.66,25.06,28.0
120.69,25.06,28.3
120.72,25.06,28.2
120.75,25.06,26.9
120.78,25.06,26.0
120.81,25.06,24.4
120.84,25.06,28.0
120.87,25.06,28.1
120.66,25.03,27.7
120.69,25.03,25.7
120.72,25.03,24.8
120.75,25.03,24.4
120.78,25.03,22.2
120.81,25.03,27.3
120.84,25.03,28.3
120.87,25.03,28.8
120.36,25.0,27.6
120.63,25.0,28.9
120.66,25.0,27.0
120.69,25.0,25.4
120.72,25.0,22.3
120.75,25.0,24.3
120.78,25.0,24.1
120.81,25.0,25.8
120.84,25.0,27.3
120.87,25.0,25.2
120.63,24.97,28.5
120.66,24.97,26.8
120.69,24.97,22.1
120.72,24.97,22.1
120.75,24.97,19.3
120.78,24.97,24.4
120.81,24.97,26.4
120.84,24.97,27.8
120.87,24.97,28.6
120.9,24.97,28.8
120.57,24.94,27.5
120.6,24.94,27.8
120.63,24.94,27.9
120.66,24.94,26.9
120.69,24.94,26.5
120.72,24.94,24.8
120.75,24.94,18.0
120.78,24.94,23.9
120.81,24.94,25.9
120.84,24.94,27.0
120.87,24.94,26.7
120.9,24.94,28.7
120.51,24.91,25.3
120.54,24.91,25.2
120.57,24.91,26.8
120.6,24.91,27.2
120.63,24.91,27.2
120.66,24.91,25.3
120.69,24.91,21.7
120.72,24.91,25.3
120.75,24.91,24.0
120.78,24.91,19.4
120.81,24.91,21.9
120.84,24.91,22.5
120.87,24.91,24.0
120.9,24.91,26.0
120.51,24.88,26.0
120.54,24.88,26.1
120.57,24.88,26.4
120.6,24.88,26.7
120.63,24.88,26.5
120.66,24.88,22.4
120.69,24.88,26.3
120.72,24.88,25.1
120.75,24.88,19.6
120.78,24.88,19.2
120.81,24.88,24.5
120.84,24.88,26.5
120.87,24.88,27.6
120.9,24.88,28.3
120.93,24.88,28.5
120.45,24.85,25.3
120.48,24.85,25.8
120.51,24.85,25.8
120.54,24.85,25.9
120.57,24.85,26.1
120.6,24.85,26.5
120.63,24.85,26.4
120.66,24.85,23.6
120.69,24.85,19.8
120.72,24.85,22.9
120.75,24.85,18.2
120.78,24.85,19.6
120.81,24.85,18.3
120.84,24.85,23.0
120.87,24.85,25.2
120.9,24.85,27.3
120.93,24.85,25.1
120.36,24.82,25.5
120.39,24.82,25.7
120.42,24.82,25.8
120.45,24.82,25.8
120.48,24.82,25.8
120.51,24.82,25.8
120.54,24.82,25.9
120.57,24.82,25.9
120.6,24.82,26.3
120.63,24.82,26.3
120.66,24.82,24.8
120.69,24.82,25.0
120.72,24.82,23.2
120.75,24.82,12.8
120.78,24.82,18.2
120.81,24.82,20.7
120.84,24.82,24.7
120.87,24.82,26.8
120.9,24.82,27.1
120.93,24.82,28.0
120.36,24.79,25.5
120.39,24.79,24.4
120.42,24.79,25.7
120.45,24.79,26.3
120.48,24.79,25.8
120.51,24.79,25.8
120.54,24.79,25.6
120.57,24.79,26.0
120.6,24.79,26.2
120.63,24.79,25.7
120.66,24.79,25.6
120.69,24.79,24.6
120.72,24.79,18.8
120.75,24.79,12.8
120.78,24.79,20.4
120.81,24.79,22.3
120.84,24.79,23.5
120.87,24.79,22.6
120.9,24.79,23.6
120.93,24.79,26.6
120.96,24.79,26.1
120.33,24.76,25.5
120.36,24.76,25.5
120.39,24.76,25.5
120.42,24.76,25.5
120.45,24.76,25.6
120.48,24.76,25.7
120.51,24.76,25.6
120.54,24.76,25.7
120.57,24.76,25.9
120.6,24.76,26.0
120.63,24.76,26.4
120.66,24.76,25.2
120.69,24.76,24.8
120.72,24.76,17.1
120.75,24.76,7.9
120.78,24.76,16.5
120.81,24.76,23.0
120.84,24.76,24.6
120.87,24.76,25.7
120.9,24.76,26.5
120.93,24.76,25.2
120.96,24.76,23.3
120.3,24.73,25.6
120.33,24.73,25.5
120.36,24.73,25.5
120.39,24.73,25.4
120.42,24.73,25.4
120.45,24.73,25.5
120.48,24.73,25.5
120.51,24.73,25.6
120.54,24.73,25.7
120.57,24.73,25.7
120.6,24.73,25.0
120.63,24.73,26.3
120.66,24.73,22.1
120.69,24.73,22.3
120.72,24.73,21.0
120.75,24.73,10.2
120.78,24.73,16.1
120.81,24.73,22.5
120.84,24.73,23.8
120.87,24.73,21.2
120.9,24.73,25.0
120.93,24.73,26.0
120.96,24.73,25.9
120.99,24.73,26.7
120.27,24.7,26.4
120.3,24.7,26.2
120.33,24.7,26.0
120.36,24.7,25.4
120.39,24.7,25.4
120.42,24.7,25.4
120.45,24.7,25.4
120.48,24.7,25.4
120.51,24.7,25.5
120.54,24.7,25.5
120.57,24.7,25.6
120.6,24.7,25.8
120.63,24.7,26.0
120.66,24.7,24.9
120.69,24.7,21.2
120.72,24.7,16.6
120.75,24.7,8.2
120.78,24.7,12.7
120.81,24.7,19.6
120.84,24.7,20.5
120.87,24.7,18.2
120.9,24.7,21.4
120.93,24.7,20.6
120.96,24.7,22.9
120.99,24.7,25.0
120.27,24.67,25.5
120.3,24.67,25.6
120.33,24.67,25.4
120.36,24.67,25.3
120.39,24.67,25.3
120.42,24.67,25.3
120.45,24.67,25.3
120.48,24.67,24.5
120.51,24.67,25.4
120.54,24.67,25.5
120.57,24.67,25.5
120.6,24.67,25.5
120.63,24.67,25.7
120.66,24.67,20.2
120.69,24.67,19.0
120.72,24.67,22.7
120.75,24.67,17.9
120.78,24.67,16.7
120.81,24.67,16.7
120.84,24.67,17.7
120.87,24.67,19.5
120.9,24.67,22.5
120.93,24.67,23.8
120.96,24.67,25.4
120.99,24.67,24.0
121.02,24.67,27.3
121.47,24.67,26.1
120.3,24.64,25.4
120.33,24.64,25.4
120.36,24.64,25.4
120.39,24.64,25.1
120.42,24.64,24.7
120.45,24.64,25.2
120.48,24.64,25.3
120.51,24.64,25.3
120.54,24.64,25.4
120.57,24.64,25.3
120.6,24.64,25.3
120.63,24.64,25.3
120.66,24.64,22.4
120.69,24.64,25.2
120.72,24.64,24.5
120.75,24.64,20.4
120.78,24.64,13.8
120.81,24.64,12.7
120.84,24.64,15.5
120.87,24.64,15.2
120.9,24.64,19.0
120.93,24.64,20.3
120.96,24.64,23.1
120.99,24.64,23.9
121.02,24.64,26.9
121.05,24.64,27.1
120.27,24.61,25.3
120.3,24.61,25.3
120.33,24.61,25.4
120.36,24.61,25.3
120.39,24.61,25.0
120.42,24.61,24.9
120.45,24.61,25.2
120.48,24.61,25.2
120.51,24.61,25.2
120.54,24.61,25.2
120.57,24.61,25.2
120.6,24.61,25.1
120.63,24.61,24.1
120.66,24.61,24.1
120.69,24.61,24.7
120.72,24.61,19.9
120.75,24.61,15.1
120.78,24.61,17.4
120.81,24.61,18.6
120.84,24.61,13.6
120.87,24.61,11.6
120.9,24.61,11.6
120.93,24.61,20.1
120.96,24.61,22.9
120.99,24.61,23.6
121.02,24.61,24.4
121.05,24.61,26.7
121.08,24.61,26.5
121.11,24.61,26.6
120.27,24.58,25.2
120.3,24.58,25.3
120.33,24.58,25.2
120.36,24.58,25.2
120.39,24.58,25.1
120.42,24.58,24.2
120.45,24.58,25.1
120.48,24.58,24.7
120.51,24.58,25.2
120.54,24.58,25.2
120.57,24.58,25.2
120.6,24.58,25.2
120.63,24.58,25.2
120.66,24.58,23.6
120.69,24.58,24.3
120.72,24.58,24.3
120.75,24.58,23.8
120.78,24.58,22.7
120.81,24.58,20.4
120.84,24.58,18.1
120.87,24.58,13.9
120.9,24.58,9.5
120.93,24.58,16.4
120.96,24.58,21.0
120.99,24.58,23.2
121.02,24.58,24.7
121.05,24.58,26.3
121.08,24.58,26.5
121.11,24.58,26.5
121.14,24.58,25.6
120.24,24.55,24.8
120.27,24.55,25.2
120.3,24.55,25.3
120.33,24.55,25.2
120.36,24.55,25.2
120.39,24.55,24.9
120.42,24.55,24.7
120.45,24.55,24.9
120.48,24.55,24.6
120.51,24.55,25.2
120.54,24.55,25.2
120.57,24.55,25.3
120.6,24.55,25.2
120.63,24.55,25.3
120.66,24.55,20.7
120.69,24.55,21.9
120.72,24.55,18.8
120.75,24.55,17.4
120.78,24.55,13.3
120.81,24.55,19.8
120.84,24.55,17.1
120.87,24.55,14.8
120.9,24.55,6.9
120.93,24.55,13.0
120.96,24.55,13.3
120.99,24.55,17.9
121.02,24.55,23.8
121.05,24.55,25.0
121.08,24.55,26.3
121.11,24.55,26.6
121.14,24.55,26.5
121.17,24.55,26.5
120.24,24.52,25.2
120.27,24.52,25.2
120.3,24.52,24.8
120.33,24.52,25.2
120.36,24.52,25.2
120.39,24.52,24.9
120.42,24.52,24.2
120.45,24.52,24.5
120.48,24.52,25.1
120.51,24.52,25.2
120.54,24.52,25.1
120.57,24.52,25.1
120.6,24.52,25.0
120.63,24.52,25.0
120.66,24.52,21.1
120.69,24.52,22.4
120.72,24.52,16.5
120.75,24.52,9.9
120.78,24.52,13.4
120.81,24.52,14.3
120.84,24.52,15.8
120.87,24.52,8.9
120.9,24.52,10.9
120.93,24.52,16.3
120.96,24.52,13.9
120.99,24.52,18.3
121.02,24.52,19.5
121.05,24.52,24.7
121.08,24.52,25.8
121.11,24.52,23.5
121.14,24.52,26.4
121.17,24.52,25.9
120.21,24.49,25.2
120.24,24.49,25.2
120.27,24.49,25.2
120.3,24.49,25.1
120.33,24.49,25.2
120.36,24.49,25.1
120.39,24.49,24.8
120.42,24.49,24.7
120.45,24.49,24.2
120.48,24.49,25.1
120.51,24.49,25.0
120.54,24.49,25.0
120.57,24.49,24.9
120.6,24.49,24.9
120.63,24.49,25.0
120.66,24.49,22.0
120.69,24.49,19.6
120.72,24.49,19.3
120.75,24.49,13.5
120.78,24.49,8.2
120.81,24.49,12.7
120.84,24.49,14.0
120.87,24.49,11.4
120.9,24.49,16.2
120.93,24.49,19.3
120.96,24.49,17.7
120.99,24.49,16.4
121.02,24.49,16.9
121.05,24.49,21.1
121.08,24.49,24.7
121.11,24.49,24.5
121.14,24.49,26.2
121.17,24.49,25.8
120.24,24.46,25.2
120.27,24.46,25.2
120.3,24.46,25.1
120.33,24.46,25.1
120.36,24.46,25.0
120.39,24.46,25.0
120.42,24.46,24.8
120.45,24.46,24.5
120.48,24.46,25.0
120.51,24.46,24.9
120.54,24.46,25.0
120.57,24.46,25.0
120.6,24.46,24.4
120.63,24.46,24.6
120.66,24.46,24.2
120.69,24.46,22.0
120.72,24.46,17.1
120.75,24.46,16.5
120.78,24.46,13.9
120.81,24.46,13.7
120.84,24.46,9.0
120.87,24.46,9.4
120.9,24.46,12.1
120.93,24.46,16.9
120.96,24.46,22.5
120.99,24.46,19.4
121.02,24.46,23.1
121.05,24.46,24.4
121.08,24.46,21.8
121.11,24.46,25.0
121.14,24.46,25.7
121.17,24.46,22.5
121.2,24.46,25.1
121.23,24.46,26.3
120.21,24.43,25.2
120.24,24.43,25.1
120.27,24.43,24.5
120.3,24.43,25.1
120.33,24.43,25.0
120.36,24.43,25.0
120.39,24.43,24.1
120.42,24.43,24.8
120.45,24.43,24.8
120.48,24.43,24.9
120.51,24.43,24.4
120.54,24.43,25.0
120.57,24.43,25.0
120.6,24.43,23.8
120.63,24.43,24.4
120.66,24.43,22.7
120.69,24.43,24.1
120.72,24.43,21.3
120.75,24.43,17.6
120.78,24.43,12.4
120.81,24.43,15.7
120.84,24.43,6.3
120.87,24.43,9.1
120.9,24.43,9.9
120.93,24.43,19.0
120.96,24.43,18.2
120.99,24.43,15.3
121.02,24.43,20.2
121.05,24.43,21.7
121.08,24.43,24.2
121.11,24.43,25.3
121.14,24.43,25.5
121.17,24.43,23.9
121.2,24.43,22.1
121.23,24.43,25.7
120.18,24.4,25.3
120.21,24.4,25.2
120.24,24.4,25.1
120.27,24.4,25.1
120.3,24.4,25.1
120.33,24.4,25.0
120.36,24.4,24.9
120.39,24.4,25.0
120.42,24.4,24.3
120.45,24.4,24.8
120.48,24.4,24.4
120.51,24.4,24.7
120.54,24.4,24.5
120.57,24.4,24.6
120.6,24.4,24.5
120.63,24.4,23.5
120.66,24.4,21.5
120.69,24.4,21.6
120.72,24.4,22.6
120.75,24.4,21.5
120.78,24.4,19.8
120.81,24.4,9.4
120.84,24.4,9.5
120.87,24.4,13.5
120.9,24.4,16.5
120.93,24.4,16.3
120.96,24.4,6.8
120.99,24.4,12.5
121.02,24.4,16.8
121.05,24.4,19.6
121.08,24.4,20.9
121.11,24.4,23.8
121.14,24.4,25.0
121.17,24.4,25.2
121.2,24.4,23.4
121.23,24.4,23.9
121.26,24.4,26.1
120.18,24.37,26.2
120.21,24.37,25.3
120.24,24.37,25.2
120.27,24.37,25.1
120.3,24.37,25.1
120.33,24.37,25.0
120.36,24.37,25.3
120.39,24.37,24.7
120.42,24.37,24.3
120.45,24.37,24.3
120.48,24.37,24.5
120.51,24.37,24.4
120.54,24.37,24.4
120.57,24.37,23.8
120.6,24.37,23.7
120.63,24.37,22.6
120.66,24.37,22.2
120.69,24.37,19.8
120.72,24.37,20.9
120.75,24.37,18.5
120.78,24.37,17.5
120.81,24.37,8.7
120.84,24.37,7.5
120.87,24.37,13.1
120.9,24.37,15.0
120.93,24.37,11.7
120.96,24.37,5.9
120.99,24.37,8.1
121.02,24.37,10.5
121.05,24.37,15.5
121.08,24.37,23.3
121.11,24.37,24.2
121.14,24.37,24.8
121.17,24.37,25.2
121.2,24.37,24.6
121.23,24.37,23.8
121.26,24.37,25.2
121.29,24.37,25.8
120.18,24.34,25.3
120.21,24.34,25.3
120.24,24.34,25.2
120.27,24.34,25.1
120.3,24.34,25.0
120.33,24.34,25.0
120.36,24.34,24.8
120.39,24.34,24.7
120.42,24.34,24.8
120.45,24.34,24.6
120.48,24.34,23.6
120.51,24.34,24.2
120.54,24.34,24.3
120.57,24.34,24.2
120.6,24.34,23.4
120.63,24.34,22.8
120.66,24.34,22.8
120.69,24.34,20.3
120.72,24.34,15.0
120.75,24.34,20.2
120.78,24.34,11.2
120.81,24.34,8.2
120.84,24.34,10.3
120.87,24.34,10.5
120.9,24.34,12.1
120.93,24.34,9.1
120.96,24.34,4.6
120.99,24.34,4.3
121.02,24.34,14.7
121.05,24.34,22.2
121.08,24.34,19.7
121.11,24.34,21.2
121.14,24.34,24.7
121.17,24.34,25.2
121.2,24.34,24.3
121.23,24.34,23.8
121.26,24.34,25.6
121.29,24.34,25.7
120.12,24.31,25.3
120.15,24.31,25.3
120.18,24.31,25.4
120.21,24.31,25.3
120.24,24.31,25.1
120.27,24.31,25.1
120.3,24.31,25.0
120.33,24.31,24.9
120.36,24.31,24.4
120.39,24.31,24.3
120.42,24.31,24.7
120.45,24.31,24.6
120.48,24.31,22.7
120.51,24.31,22.7
120.54,24.31,22.9
120.57,24.31,23.4
120.6,24.31,19.9
120.63,24.31,21.2
120.66,24.31,21.8
120.69,24.31,18.0
120.72,24.31,16.0
120.75,24.31,16.8
120.78,24.31,17.4
120.81,24.31,11.9
120.84,24.31,9.8
120.87,24.31,4.1
120.9,24.31,7.3
120.93,24.31,4.0
120.96,24.31,4.4
120.99,24.31,11.1
121.02,24.31,17.2
121.05,24.31,17.0
121.08,24.31,11.3
121.11,24.31,18.7
121.14,24.31,23.5
121.17,24.31,24.8
121.2,24.31,23.2
121.23,24.31,21.0
121.26,24.31,24.8
121.29,24.31,24.5
121.32,24.31,24.9
120.06,24.28,25.3
120.09,24.28,25.6
120.12,24.28,25.3
120.15,24.28,25.3
120.18,24.28,25.2
120.21,24.28,25.2
120.24,24.28,25.1
120.27,24.28,25.1
120.3,24.28,25.0
120.33,24.28,24.8
120.36,24.28,24.6
120.39,24.28,24.6
120.42,24.28,24.8
120.45,24.28,24.8
120.48,24.28,24.1
120.51,24.28,20.6
120.54,24.28,22.7
120.57,24.28,22.2
120.6,24.28,21.2
120.63,24.28,19.0
120.66,24.28,22.4
120.69,24.28,18.6
120.72,24.28,16.2
120.75,24.28,15.4
120.78,24.28,18.5
120.81,24.28,14.2
120.84,24.28,6.2
120.87,24.28,-1.9
120.9,24.28,2.3
120.93,24.28,1.3
120.96,24.28,5.9
120.99,24.28,7.8
121.02,24.28,11.5
121.05,24.28,12.4
121.08,24.28,14.4
121.11,24.28,17.0
121.14,24.28,22.7
121.17,24.28,24.6
121.2,24.28,24.1
121.23,24.28,20.5
121.26,24.28,23.8
121.29,24.28,24.6
121.32,24.28,23.8
120.03,24.25,25.4
120.06,24.25,25.7
120.09,24.25,25.3
120.12,24.25,25.3
120.15,24.25,25.2
120.18,24.25,25.2
120.21,24.25,25.2
120.24,24.25,24.6
120.27,24.25,25.1
120.3,24.25,25.0
120.33,24.25,24.9
120.36,24.25,24.8
120.39,24.25,24.8
120.42,24.25,24.5
120.45,24.25,24.4
120.48,24.25,24.5
120.51,24.25,24.1
120.54,24.25,23.8
120.57,24.25,20.8
120.6,24.25,22.3
120.63,24.25,19.1
120.66,24.25,20.5
120.69,24.25,22.3
120.72,24.25,19.5
120.75,24.25,14.3
120.78,24.25,13.6
120.81,24.25,6.9
120.84,24.25,5.0
120.87,24.25,3.5
120.9,24.25,3.6
120.93,24.25,7.3
120.96,24.25,9.6
120.99,24.25,6.3
121.02,24.25,7.9
121.05,24.25,13.5
121.08,24.25,12.0
121.11,24.25,20.3
121.14,24.25,19.8
121.17,24.25,24.7
121.2,24.25,24.5
121.23,24.25,23.4
121.26,24.25,22.0
121.29,24.25,23.4
121.32,24.25,21.0
121.35,24.25,25.7
120.06,24.22,25.4
120.12,24.22,25.3
120.15,24.22,25.3
120.18,24.22,25.3
120.21,24.22,25.3
120.24,24.22,25.2
120.27,24.22,25.1
120.3,24.22,25.0
120.33,24.22,24.9
120.36,24.22,24.9
120.39,24.22,24.9
120.42,24.22,24.2
120.45,24.22,24.8
120.48,24.22,24.3
120.51,24.22,22.8
120.54,24.22,21.9
120.57,24.22,22.5
120.6,24.22,22.6
120.63,24.22,20.8
120.66,24.22,15.2
120.69,24.22,20.3
120.72,24.22,19.8
120.75,24.22,18.3
120.78,24.22,15.5
120.81,24.22,12.0
120.84,24.22,13.6
120.87,24.22,6.9
120.9,24.22,3.1
120.93,24.22,10.1
120.96,24.22,9.4
120.99,24.22,9.3
121.02,24.22,15.4
121.05,24.22,18.5
121.08,24.22,20.0
121.11,24.22,22.3
121.14,24.22,17.2
121.17,24.22,23.9
121.2,24.22,24.0
121.23,24.22,23.9
121.26,24.22,19.2
121.29,24.22,22.1
121.32,24.22,15.3
121.35,24.22,23.1
121.38,24.22,26.1
120.12,24.19,25.3
120.15,24.19,25.3
120.18,24.19,25.3
120.21,24.19,25.2
120.24,24.19,25.1
120.27,24.19,25.1
120.3,24.19,25.0
120.33,24.19,24.9
120.36,24.19,24.7
120.39,24.19,24.8
120.42,24.19,24.7
120.45,24.19,24.3
120.48,24.19,24.5
120.51,24.19,23.6
120.54,24.19,18.7
120.57,24.19,23.3
120.6,24.19,19.4
120.63,24.19,21.5
120.66,24.19,16.5
120.69,24.19,16.5
120.72,24.19,20.4
120.75,24.19,19.2
120.78,24.19,16.1
120.81,24.19,15.3
120.84,24.19,7.8
120.87,24.19,3.0
120.9,24.19,5.5
120.93,24.19,6.6
120.96,24.19,4.2
120.99,24.19,8.7
121.02,24.19,12.6
121.05,24.19,14.6
121.08,24.19,21.4
121.11,24.19,21.8
121.14,24.19,22.7
121.17,24.19,20.9
121.2,24.19,24.0
121.23,24.19,24.4
121.26,24.19,23.7
121.29,24.19,22.6
121.32,24.19,12.5
121.35,24.19,20.5
121.38,24.19,25.3
120.09,24.16,25.4
120.12,24.16,25.3
120.15,24.16,25.2
120.18,24.16,25.3
120.21,24.16,25.2
120.24,24.16,25.2
120.27,24.16,25.1
120.3,24.16,25.0
120.33,24.16,24.9
120.36,24.16,24.8
120.39,24.16,24.3
120.42,24.16,24.1
120.45,24.16,22.5
120.48,24.16,24.4
120.51,24.16,23.5
120.54,24.16,21.6
120.57,24.16,18.8
120.6,24.16,22.9
120.63,24.16,17.7
120.66,24.16,17.9
120.69,24.16,12.5
120.72,24.16,13.6
120.75,24.16,17.3
120.78,24.16,20.0
120.81,24.16,15.0
120.84,24.16,7.9
120.87,24.16,7.7
120.9,24.16,2.6
120.93,24.16,9.3
120.96,24.16,8.9
120.99,24.16,12.7
121.02,24.16,20.2
121.05,24.16,16.4
121.08,24.16,12.8
121.11,24.16,17.7
121.14,24.16,13.9
121.17,24.16,20.2
121.2,24.16,18.8
121.23,24.16,24.1
121.26,24.16,24.0
121.29,24.16,21.3
121.32,24.16,16.0
121.35,24.16,17.2
121.38,24.16,22.7
120.09,24.13,25.4
120.12,24.13,25.4
120.15,24.13,25.3
120.18,24.13,25.3
120.21,24.13,25.3
120.24,24.13,25.3
120.27,24.13,25.1
120.3,24.13,25.1
120.33,24.13,24.9
120.36,24.13,24.8
120.39,24.13,24.5
120.42,24.13,24.5
120.45,24.13,23.6
120.48,24.13,23.9
120.51,24.13,23.5
120.54,24.13,22.5
120.57,24.13,16.9
120.6,24.13,22.3
120.63,24.13,20.7
120.66,24.13,20.0
120.69,24.13,18.8
120.72,24.13,14.5
120.75,24.13,14.8
120.78,24.13,20.5
120.81,24.13,16.0
120.84,24.13,16.7
120.87,24.13,13.7
120.9,24.13,4.1
120.93,24.13,9.4
120.96,24.13,17.5
120.99,24.13,18.1
121.02,24.13,16.1
121.05,24.13,11.1
121.08,24.13,10.3
121.11,24.13,13.8
121.14,24.13,6.2
121.17,24.13,13.9
121.2,24.13,17.0
121.23,24.13,21.1
121.26,24.13,24.5
121.29,24.13,23.7
121.32,24.13,17.7
121.35,24.13,17.0
121.38,24.13,25.4
120.12,24.1,25.4
120.15,24.1,25.4
120.18,24.1,25.5
120.21,24.1,25.3
120.24,24.1,25.2
120.27,24.1,25.1
120.3,24.1,25.0
120.33,24.1,24.9
120.36,24.1,24.8
120.39,24.1,23.8
120.42,24.1,24.4
120.45,24.1,24.3
120.48,24.1,20.8
120.51,24.1,22.1
120.54,24.1,22.7
120.57,24.1,21.4
120.6,24.1,18.6
120.63,24.1,21.6
120.66,24.1,17.6
120.69,24.1,21.3
120.72,24.1,13.8
120.75,24.1,10.3
120.78,24.1,17.1
120.81,24.1,20.8
120.84,24.1,19.2
120.87,24.1,9.2
120.9,24.1,1.1
120.93,24.1,5.6
120.96,24.1,14.4
120.99,24.1,15.5
121.02,24.1,10.8
121.05,24.1,8.8
121.08,24.1,2.5
121.11,24.1,9.3
121.14,24.1,8.6
121.17,24.1,13.4
121.2,24.1,12.7
121.23,24.1,19.5
121.26,24.1,24.6
121.29,24.1,24.7
121.32,24.1,19.4
121.35,24.1,19.2
121.38,24.1,25.1
121.41,24.1,26.4
120.12,24.07,25.4
120.15,24.07,25.4
120.18,24.07,25.3
120.21,24.07,25.3
120.24,24.07,25.2
120.27,24.07,25.1
120.3,24.07,25.1
120.33,24.07,25.0
120.36,24.07,24.3
120.39,24.07,24.8
120.42,24.07,23.7
120.45,24.07,24.5
120.48,24.07,23.1
120.51,24.07,19.5
120.54,24.07,21.0
120.57,24.07,22.5
120.6,24.07,22.7
120.63,24.07,21.1
120.66,24.07,17.6
120.69,24.07,19.1
120.72,24.07,19.5
120.75,24.07,11.2
120.78,24.07,11.7
120.81,24.07,21.9
120.84,24.07,21.5
120.87,24.07,8.4
120.9,24.07,6.7
120.93,24.07,10.6
120.96,24.07,7.5
120.99,24.07,4.7
121.02,24.07,4.6
121.05,24.07,3.2
121.08,24.07,9.1
121.11,24.07,15.2
121.14,24.07,16.5
121.17,24.07,19.4
121.2,24.07,22.1
121.23,24.07,19.3
121.26,24.07,21.8
121.29,24.07,25.0
121.32,24.07,24.4
121.35,24.07,23.4
121.38,24.07,21.3
121.41,24.07,26.1
120.12,24.04,25.5
120.15,24.04,25.4
120.18,24.04,25.4
120.21,24.04,25.3
120.24,24.04,25.2
120.27,24.04,25.1
120.3,24.04,25.1
120.33,24.04,25.0
120.36,24.04,25.0
120.39,24.04,24.9
120.42,24.04,24.0
120.45,24.04,24.2
120.48,24.04,22.5
120.51,24.04,19.5
120.54,24.04,20.3
120.57,24.04,23.9
120.6,24.04,21.4
120.63,24.04,22.5
120.66,24.04,22.1
120.69,24.04,19.4
120.72,24.04,21.0
120.75,24.04,12.8
120.78,24.04,9.3
120.81,24.04,18.0
120.84,24.04,21.6
120.87,24.04,19.6
120.9,24.04,17.3
120.93,24.04,17.2
120.96,24.04,5.8
120.99,24.04,1.4
121.02,24.04,1.2
121.05,24.04,2.6
121.08,24.04,8.2
121.11,24.04,5.4
121.14,24.04,5.5
121.17,24.04,13.4
121.2,24.04,14.8
121.23,24.04,18.0
121.26,24.04,24.8
121.29,24.04,25.1
121.32,24.04,25.3
121.35,24.04,23.3
121.38,24.04,20.7
121.41,24.04,24.4
120.12,24.01,25.6
120.15,24.01,25.5
120.18,24.01,25.4
120.21,24.01,25.3
120.24,24.01,25.3
120.27,24.01,25.2
120.3,24.01,25.2
120.33,24.01,25.1
120.36,24.01,25.0
120.39,24.01,25.0
120.42,24.01,24.9
120.45,24.01,24.6
120.48,24.01,21.3
120.51,24.01,20.1
120.54,24.01,16.2
120.57,24.01,22.8
120.6,24.01,22.8
120.63,24.01,20.4
120.66,24.01,23.4
120.69,24.01,20.0
120.72,24.01,14.9
120.75,24.01,18.6
120.78,24.01,12.3
120.81,24.01,15.3
120.84,24.01,16.2
120.87,24.01,12.8
120.9,24.01,15.8
120.93,24.01,14.3
120.96,24.01,13.3
120.99,24.01,9.1
121.02,24.01,4.5
121.05,24.01,7.1
121.08,24.01,7.7
121.11,24.01,2.2
121.14,24.01,6.0
121.17,24.01,14.9
121.2,24.01,16.2
121.23,24.01,21.2
121.26,24.01,19.0
121.29,24.01,23.7
121.32,24.01,25.3
121.35,24.01,24.1
121.38,24.01,22.2
121.41,24.01,23.5
121.44,24.01,25.7
120.12,23.98,25.6
120.18,23.98,25.4
120.21,23.98,25.3
120.24,23.98,25.3
120.27,23.98,25.2
120.3,23.98,25.2
120.33,23.98,25.1
120.36,23.98,25.0
120.39,23.98,25.0
120.42,23.98,24.8
120.45,23.98,24.7
120.48,23.98,24.2
120.51,23.98,21.8
120.54,23.98,19.3
120.57,23.98,19.8
120.6,23.98,17.5
120.63,23.98,20.3
120.66,23.98,21.1
120.69,23.98,20.3
120.72,23.98,16.6
120.75,23.98,16.7
120.78,23.98,19.3
120.81,23.98,13.1
120.84,23.98,15.0
120.87,23.98,9.3
120.9,23.98,15.0
120.93,23.98,9.7
120.96,23.98,6.7
120.99,23.98,2.4
121.02,23.98,3.1
121.05,23.98,9.6
121.08,23.98,15.4
121.11,23.98,7.5
121.14,23.98,16.2
121.17,23.98,15.8
121.2,23.98,21.3
121.23,23.98,21.6
121.26,23.98,21.4
121.29,23.98,23.9
121.32,23.98,25.5
121.35,23.98,25.1
121.38,23.98,23.6
121.41,23.98,17.0
121.44,23.98,24.6
120.18,23.95,25.5
120.21,23.95,25.4
120.24,23.95,25.4
120.27,23.95,25.3
120.3,23.95,25.2
120.33,23.95,25.2
120.36,23.95,25.1
120.39,23.95,25.0
120.42,23.95,25.0
120.45,23.95,25.0
120.48,23.95,24.7
120.51,23.95,23.9
120.54,23.95,23.6
120.57,23.95,21.1
120.6,23.95,17.0
120.63,23.95,19.0
120.66,23.95,22.4
120.69,23.95,20.5
120.72,23.95,14.7
120.75,23.95,10.1
120.78,23.95,12.3
120.81,23.95,15.1
120.84,23.95,18.1
120.87,23.95,10.9
120.9,23.95,9.4
120.93,23.95,15.8
120.96,23.95,12.0
120.99,23.95,5.5
121.02,23.95,10.3
121.05,23.95,13.4
121.08,23.95,12.7
121.11,23.95,13.2
121.14,23.95,17.8
121.17,23.95,20.5
121.2,23.95,21.3
121.23,23.95,11.2
121.26,23.95,17.5
121.29,23.95,23.9
121.32,23.95,25.5
121.35,23.95,26.2
121.38,23.95,21.5
121.41,23.95,21.5
121.44,23.95,18.5
121.47,23.95,26.7
120.18,23.92,25.5
120.21,23.92,25.4
120.24,23.92,25.3
120.27,23.92,25.3
120.3,23.92,25.5
120.33,23.92,25.2
120.36,23.92,25.1
120.39,23.92,25.1
120.42,23.92,25.1
120.45,23.92,25.1
120.48,23.92,24.5
120.51,23.92,24.9
120.54,23.92,24.5
120.57,23.92,23.0
120.6,23.92,19.9
120.63,23.92,20.5
120.66,23.92,18.3
120.69,23.92,18.5
120.72,23.92,15.8
120.75,23.92,11.4
120.78,23.92,11.5
120.81,23.92,11.2
120.84,23.92,16.9
120.87,23.92,12.3
120.9,23.92,12.3
120.93,23.92,9.6
120.96,23.92,7.8
120.99,23.92,12.1
121.02,23.92,7.4
121.05,23.92,12.0
121.08,23.92,15.4
121.11,23.92,14.0
121.14,23.92,10.2
121.17,23.92,10.4
121.2,23.92,13.6
121.23,23.92,12.8
121.26,23.92,16.3
121.29,23.92,21.6
121.32,23.92,25.2
121.35,23.92,26.2
121.38,23.92,24.7
121.41,23.92,17.5
121.44,23.92,23.6
121.47,23.92,25.6
120.15,23.89,25.5
120.18,23.89,25.5
120.21,23.89,25.4
120.24,23.89,25.3
120.27,23.89,25.3
120.3,23.89,25.3
120.33,23.89,25.2
120.36,23.89,25.2
120.39,23.89,25.2
120.42,23.89,25.1
120.45,23.89,25.3
120.48,23.89,25.3
120.51,23.89,24.9
120.54,23.89,24.8
120.57,23.89,24.3
120.6,23.89,24.3
120.63,23.89,20.9
120.66,23.89,16.3
120.69,23.89,21.3
120.72,23.89,19.4
120.75,23.89,15.9
120.78,23.89,16.3
120.81,23.89,9.9
120.84,23.89,16.2
120.87,23.89,14.7
120.9,23.89,11.5
120.93,23.89,4.0
120.96,23.89,2.4
120.99,23.89,10.2
121.02,23.89,5.4
121.05,23.89,5.7
121.08,23.89,9.1
121.11,23.89,10.7
121.14,23.89,8.5
121.17,23.89,7.6
121.2,23.89,4.4
121.23,23.89,10.8
121.26,23.89,21.3
121.29,23.89,24.0
121.32,23.89,24.1
121.35,23.89,25.6
121.38,23.89,25.9
121.41,23.89,21.1
121.44,23.89,18.8
121.47,23.89,24.2
120.15,23.86,25.5
120.18,23.86,25.5
120.21,23.86,25.4
120.24,23.86,25.4
120.27,23.86,25.4
120.3,23.86,25.3
120.33,23.86,25.3
120.36,23.86,25.3
120.39,23.86,25.3
120.42,23.86,25.4
120.45,23.86,25.4
120.48,23.86,24.6
120.51,23.86,24.7
120.54,23.86,23.7
120.57,23.86,24.3
120.6,23.86,22.1
120.63,23.86,21.7
120.66,23.86,19.8
120.69,23.86,17.4
120.72,23.86,12.9
120.75,23.86,19.3
120.78,23.86,14.4
120.81,23.86,8.3
120.84,23.86,9.8
120.87,23.86,8.0
120.9,23.86,8.3
120.93,23.86,6.2
120.96,23.86,5.0
120.99,23.86,8.8
121.02,23.86,6.7
121.05,23.86,3.6
121.08,23.86,5.2
121.11,23.86,11.3
121.14,23.86,6.3
121.17,23.86,0.04
121.2,23.86,2.3
121.23,23.86,10.1
121.26,23.86,20.2
121.29,23.86,15.9
121.32,23.86,21.6
121.35,23.86,25.2
121.38,23.86,25.5
121.41,23.86,24.8
121.44,23.86,21.3
121.47,23.86,25.9
121.5,23.86,26.6
120.18,23.83,25.5
120.21,23.83,25.4
120.24,23.83,25.4
120.27,23.83,25.4
120.3,23.83,25.3
120.33,23.83,25.3
120.36,23.83,25.3
120.39,23.83,25.3
120.42,23.83,25.8
120.45,23.83,25.5
120.48,23.83,24.7
120.51,23.83,25.3
120.54,23.83,25.3
120.57,23.83,24.7
120.6,23.83,22.1
120.63,23.83,17.2
120.66,23.83,17.9
120.69,23.83,16.8
120.72,23.83,13.5
120.75,23.83,14.3
120.78,23.83,12.6
120.81,23.83,10.7
120.84,23.83,15.5
120.87,23.83,12.9
120.9,23.83,16.7
120.93,23.83,16.4
120.96,23.83,8.1
120.99,23.83,12.8
121.02,23.83,8.6
121.05,23.83,-1.3
121.08,23.83,2.4
121.11,23.83,7.1
121.14,23.83,3.6
121.17,23.83,0.91
121.2,23.83,5.9
121.23,23.83,15.5
121.26,23.83,17.8
121.29,23.83,17.4
121.32,23.83,24.2
121.35,23.83,24.6
121.38,23.83,25.8
121.41,23.83,25.0
121.44,23.83,25.9
121.47,23.83,24.5
121.5,23.83,26.8
120.18,23.8,25.5
120.21,23.8,25.4
120.24,23.8,25.4
120.27,23.8,25.4
120.3,23.8,25.4
120.33,23.8,25.3
120.36,23.8,25.3
120.39,23.8,25.3
120.42,23.8,25.4
120.45,23.8,25.5
120.48,23.8,25.2
120.51,23.8,25.3
120.54,23.8,24.1
120.57,23.8,24.5
120.6,23.8,22.4
120.63,23.8,17.9
120.66,23.8,19.9
120.69,23.8,15.5
120.72,23.8,20.2
120.75,23.8,15.6
120.78,23.8,7.5
120.81,23.8,9.2
120.84,23.8,17.5
120.87,23.8,17.6
120.9,23.8,15.3
120.93,23.8,17.0
120.96,23.8,17.8
120.99,23.8,11.9
121.02,23.8,10.7
121.05,23.8,5.0
121.08,23.8,4.9
121.11,23.8,1.9
121.14,23.8,3.1
121.17,23.8,9.5
121.2,23.8,13.9
121.23,23.8,14.7
121.26,23.8,10.8
121.29,23.8,11.5
121.32,23.8,21.4
121.35,23.8,18.4
121.38,23.8,24.4
121.41,23.8,23.5
121.44,23.8,23.3
121.47,23.8,23.8
121.5,23.8,26.9
120.15,23.77,25.5
120.18,23.77,25.5
120.21,23.77,25.5
120.24,23.77,25.4
120.27,23.77,25.4
120.3,23.77,25.4
120.33,23.77,25.4
120.36,23.77,25.4
120.39,23.77,25.4
120.42,23.77,25.5
120.45,23.77,25.6
120.48,23.77,25.4
120.51,23.77,25.1
120.54,23.77,25.0
120.57,23.77,23.3
120.6,23.77,18.5
120.63,23.77,21.7
120.66,23.77,20.6
120.69,23.77,20.6
120.72,23.77,22.8
120.75,23.77,19.2
120.78,23.77,15.7
120.81,23.77,7.9
120.84,23.77,12.9
120.87,23.77,21.5
120.9,23.77,19.5
120.93,23.77,18.9
120.96,23.77,7.1
120.99,23.77,11.8
121.02,23.77,14.0
121.05,23.77,12.6
121.08,23.77,12.6
121.11,23.77,6.2
121.14,23.77,4.2
121.17,23.77,7.0
121.2,23.77,4.0
121.23,23.77,7.8
121.26,23.77,11.6
121.29,23.77,14.3
121.32,23.77,12.2
121.35,23.77,21.8
121.38,23.77,25.5
121.41,23.77,22.8
121.44,23.77,24.6
121.47,23.77,25.9
121.5,23.77,24.0
120.15,23.74,25.5
120.18,23.74,25.5
120.21,23.74,25.5
120.24,23.74,25.5
120.27,23.74,25.5
120.3,23.74,25.4
120.33,23.74,25.4
120.36,23.74,25.4
120.39,23.74,25.4
120.42,23.74,25.5
120.45,23.74,25.6
120.48,23.74,25.6
120.51,23.74,25.2
120.54,23.74,24.3
120.57,23.74,24.4
120.6,23.74,22.4
120.63,23.74,19.2
120.66,23.74,18.8
120.69,23.74,19.3
120.72,23.74,18.5
120.75,23.74,18.0
120.78,23.74,12.0
120.81,23.74,9.6
120.84,23.74,13.6
120.87,23.74,17.5
120.9,23.74,18.5
120.93,23.74,8.8
120.96,23.74,4.7
120.99,23.74,12.9
121.02,23.74,12.8
121.05,23.74,3.5
121.08,23.74,1.1
121.11,23.74,4.3
121.14,23.74,1.2
121.17,23.74,1.9
121.2,23.74,1.2
121.23,23.74,3.9
121.26,23.74,9.6
121.29,23.74,18.1
121.32,23.74,22.0
121.35,23.74,23.7
121.38,23.74,24.2
121.41,23.74,23.9
121.44,23.74,22.8
121.47,23.74,25.4
121.5,23.74,26.2
120.15,23.71,25.5
120.18,23.71,25.5
120.21,23.71,25.5
120.24,23.71,25.5
120.27,23.71,25.5
120.3,23.71,25.5
120.33,23.71,25.4
120.36,23.71,25.4
120.39,23.71,25.4
120.42,23.71,25.5
120.45,23.71,25.6
120.48,23.71,25.6
120.51,23.71,25.5
120.54,23.71,25.3
120.57,23.71,24.8
120.6,23.71,23.5
120.63,23.71,22.0
120.66,23.71,22.9
120.69,23.71,15.8
120.72,23.71,15.1
120.75,23.71,15.7
120.78,23.71,9.4
120.81,23.71,10.3
120.84,23.71,14.0
120.87,23.71,20.4
120.9,23.71,16.9
120.93,23.71,6.8
120.96,23.71,5.8
120.99,23.71,11.6
121.02,23.71,15.7
121.05,23.71,10.7
121.08,23.71,2.9
121.11,23.71,-1.1
121.14,23.71,0.72
121.17,23.71,8.1
121.2,23.71,8.0
121.23,23.71,5.1
121.26,23.71,4.6
121.29,23.71,9.5
121.32,23.71,13.2
121.35,23.71,20.7
121.38,23.71,23.4
121.41,23.71,25.6
121.44,23.71,24.7
121.47,23.71,24.3
121.5,23.71,25.7
121.53,23.71,27.3
120.15,23.68,25.5
120.18,23.68,25.5
120.21,23.68,25.5
120.24,23.68,25.5
120.27,23.68,25.5
120.3,23.68,25.8
120.33,23.68,25.5
120.36,23.68,25.4
120.39,23.68,25.5
120.42,23.68,25.3
120.45,23.68,25.6
120.48,23.68,25.6
120.51,23.68,25.6
120.54,23.68,25.6
120.57,23.68,25.2
120.6,23.68,24.3
120.63,23.68,23.2
120.66,23.68,24.4
120.69,23.68,20.0
120.72,23.68,16.5
120.75,23.68,16.8
120.78,23.68,12.7
120.81,23.68,12.5
120.84,23.68,15.9
120.87,23.68,21.7
120.9,23.68,19.9
120.93,23.68,16.6
120.96,23.68,4.2
120.99,23.68,12.6
121.02,23.68,19.1
121.05,23.68,8.6
121.08,23.68,-0.54
121.11,23.68,4.9
121.14,23.68,8.3
121.17,23.68,10.7
121.2,23.68,9.8
121.23,23.68,4.7
121.26,23.68,4.6
121.29,23.68,4.4
121.32,23.68,12.5
121.35,23.68,14.6
121.38,23.68,21.4
121.41,23.68,25.8
121.44,23.68,26.0
121.47,23.68,25.2
121.5,23.68,22.0
121.53,23.68,27.1
120.18,23.65,25.5
120.21,23.65,25.5
120.24,23.65,26.1
120.27,23.65,25.5
120.3,23.65,25.5
120.33,23.65,25.5
120.36,23.65,25.5
120.39,23.65,25.7
120.42,23.65,25.5
120.45,23.65,25.6
120.48,23.65,25.4
120.51,23.65,25.7
120.54,23.65,25.7
120.57,23.65,25.6
120.6,23.65,25.4
120.63,23.65,24.7
120.66,23.65,24.7
120.69,23.65,22.5
120.72,23.65,17.4
120.75,23.65,15.0
120.78,23.65,17.7
120.81,23.65,16.0
120.84,23.65,21.9
120.87,23.65,21.4
120.9,23.65,14.5
120.93,23.65,11.3
120.96,23.65,9.9
120.99,23.65,12.2
121.02,23.65,17.1
121.05,23.65,14.9
121.08,23.65,13.0
121.11,23.65,8.6
121.14,23.65,14.1
121.17,23.65,15.0
121.2,23.65,9.2
121.23,23.65,2.1
121.26,23.65,12.3
121.29,23.65,11.8
121.32,23.65,19.5
121.35,23.65,19.9
121.38,23.65,24.0
121.41,23.65,25.4
121.44,23.65,26.0
121.47,23.65,26.4
121.5,23.65,25.1
121.53,23.65,24.2
120.18,23.62,25.5
120.21,23.62,25.5
120.24,23.62,25.5
120.27,23.62,25.5
120.3,23.62,25.5
120.33,23.62,25.5
120.36,23.62,25.4
120.39,23.62,25.4
120.42,23.62,25.5
120.45,23.62,25.5
120.48,23.62,25.7
120.51,23.62,25.7
120.54,23.62,25.7
120.57,23.62,25.8
120.6,23.62,25.4
120.63,23.62,24.1
120.66,23.62,25.2
120.69,23.62,24.4
120.72,23.62,21.7
120.75,23.62,21.3
120.78,23.62,21.0
120.81,23.62,18.9
120.84,23.62,22.9
120.87,23.62,21.1
120.9,23.62,15.4
120.93,23.62,14.0
120.96,23.62,7.4
120.99,23.62,15.1
121.02,23.62,19.0
121.05,23.62,10.6
121.08,23.62,10.3
121.11,23.62,12.0
121.14,23.62,18.2
121.17,23.62,14.9
121.2,23.62,10.6
121.23,23.62,3.4
121.26,23.62,5.0
121.29,23.62,12.3
121.32,23.62,9.9
121.35,23.62,16.2
121.38,23.62,23.6
121.41,23.62,25.3
121.44,23.62,26.0
121.47,23.62,26.5
121.5,23.62,25.0
121.53,23.62,25.7
120.18,23.59,25.5
120.21,23.59,25.5
120.24,23.59,25.4
120.27,23.59,25.5
120.3,23.59,25.5
120.33,23.59,25.5
120.36,23.59,25.5
120.39,23.59,25.4
120.42,23.59,25.2
120.45,23.59,25.5
120.48,23.59,25.5
120.51,23.59,25.6
120.54,23.59,25.7
120.57,23.59,25.8
120.6,23.59,25.6
120.63,23.59,24.6
120.66,23.59,25.2
120.69,23.59,24.9
120.72,23.59,23.1
120.75,23.59,22.6
120.78,23.59,20.9
120.81,23.59,16.8
120.84,23.59,22.2
120.87,23.59,19.8
120.9,23.59,21.6
120.93,23.59,14.1
120.96,23.59,8.1
120.99,23.59,8.9
121.02,23.59,17.3
121.05,23.59,19.5
121.08,23.59,21.2
121.11,23.59,17.6
121.14,23.59,9.3
121.17,23.59,8.5
121.2,23.59,7.0
121.23,23.59,2.3
121.26,23.59,7.7
121.29,23.59,8.0
121.32,23.59,15.3
121.35,23.59,16.2
121.38,23.59,23.0
121.41,23.59,23.3
121.44,23.59,26.1
121.47,23.59,26.4
121.5,23.59,24.8
121.53,23.59,24.8
121.56,23.59,27.0
120.21,23.56,25.6
120.24,23.56,25.6
120.27,23.56,25.5
120.3,23.56,25.5
120.33,23.56,25.6
120.36,23.56,25.5
120.39,23.56,25.5
120.42,23.56,25.6
120.45,23.56,25.6
120.48,23.56,25.6
120.51,23.56,25.5
120.54,23.56,25.7
120.57,23.56,25.7
120.6,23.56,25.6
120.63,23.56,25.5
120.66,23.56,25.4
120.69,23.56,25.0
120.72,23.56,24.2
120.75,23.56,23.9
120.78,23.56,23.1
120.81,23.56,18.2
120.84,23.56,21.3
120.87,23.56,21.9
120.9,23.56,22.7
120.93,23.56,18.4
120.96,23.56,18.9
120.99,23.56,17.3
121.02,23.56,19.6
121.05,23.56,14.6
121.08,23.56,13.1
121.11,23.56,9.3
121.14,23.56,10.5
121.17,23.56,4.7
121.2,23.56,3.7
121.23,23.56,6.9
121.26,23.56,13.0
121.29,23.56,16.3
121.32,23.56,20.1
121.35,23.56,19.8
121.38,23.56,10.4
121.41,23.56,18.9
121.44,23.56,23.5
121.47,23.56,26.4
121.5,23.56,26.5
121.53,23.56,25.9
121.56,23.56,26.6
120.21,23.53,26.1
120.24,23.53,25.6
120.27,23.53,25.6
120.3,23.53,25.6
120.33,23.53,25.6
120.36,23.53,26.2
120.39,23.53,25.6
120.42,23.53,25.6
120.45,23.53,25.6
120.48,23.53,25.6
120.51,23.53,25.6
120.54,23.53,25.6
120.57,23.53,25.7
120.6,23.53,25.7
120.63,23.53,25.6
120.66,23.53,25.4
120.69,23.53,25.4
120.72,23.53,24.0
120.75,23.53,22.2
120.78,23.53,24.9
120.81,23.53,22.9
120.84,23.53,23.4
120.87,23.53,23.2
120.9,23.53,23.4
120.93,23.53,24.1
120.96,23.53,22.7
120.99,23.53,23.3
121.02,23.53,19.1
121.05,23.53,21.6
121.08,23.53,18.9
121.11,23.53,12.4
121.14,23.53,13.4
121.17,23.53,9.2
121.2,23.53,6.4
121.23,23.53,5.0
121.26,23.53,16.6
121.29,23.53,13.5
121.32,23.53,15.4
121.35,23.53,11.7
121.38,23.53,12.9
121.41,23.53,20.7
121.44,23.53,25.3
121.47,23.53,26.1
121.5,23.53,26.7
121.53,23.53,25.6
121.56,23.53,26.3
120.27,23.5,25.6
120.3,23.5,25.6
120.33,23.5,25.7
120.36,23.5,25.7
120.39,23.5,25.7
120.42,23.5,25.7
120.45,23.5,25.7
120.48,23.5,25.7
120.51,23.5,25.7
120.54,23.5,25.7
120.57,23.5,25.7
120.6,23.5,25.9
120.63,23.5,23.0
120.66,23.5,23.9
120.69,23.5,24.9
120.72,23.5,24.3
120.75,23.5,24.7
120.78,23.5,24.8
120.81,23.5,23.9
120.84,23.5,22.1
120.87,23.5,21.4
120.9,23.5,21.3
120.93,23.5,19.9
120.96,23.5,12.5
120.99,23.5,15.4
121.02,23.5,19.9
121.05,23.5,17.1
121.08,23.5,13.1
121.11,23.5,-0.24
121.14,23.5,5.1
121.17,23.5,4.8
121.2,23.5,7.3
121.23,23.5,7.4
121.26,23.5,14.4
121.29,23.5,7.2
121.32,23.5,9.1
121.35,23.5,14.4
121.38,23.5,19.7
121.41,23.5,21.0
121.44,23.5,21.6
121.47,23.5,26.2
121.5,23.5,26.7
121.53,23.5,26.5
121.56,23.5,23.8
120.27,23.47,25.6
120.3,23.47,25.7
120.33,23.47,25.7
120.36,23.47,25.7
120.39,23.47,25.7
120.42,23.47,25.8
120.45,23.47,25.8
120.48,23.47,25.8
120.51,23.47,25.8
120.54,23.47,25.7
120.57,23.47,25.8
120.6,23.47,26.0
120.63,23.47,24.1
120.66,23.47,24.6
120.69,23.47,24.9
120.72,23.47,24.2
120.75,23.47,25.0
120.78,23.47,25.2
120.81,23.47,21.7
120.84,23.47,19.7
120.87,23.47,22.5
120.9,23.47,21.0
120.93,23.47,21.2
120.96,23.47,18.7
120.99,23.47,14.0
121.02,23.47,17.7
121.05,23.47,17.8
121.08,23.47,16.7
121.11,23.47,11.4
121.14,23.47,7.3
121.17,23.47,2.8
121.2,23.47,5.6
121.23,23.47,12.7
121.26,23.47,4.2
121.29,23.47,8.7
121.32,23.47,8.8
121.35,23.47,16.4
121.38,23.47,17.7
121.41,23.47,19.6
121.44,23.47,17.5
121.47,23.47,23.4
121.5,23.47,26.6
121.53,23.47,26.7
121.56,23.47,24.9
121.59,23.47,25.9
120.3,23.44,25.7
120.33,23.44,25.8
120.36,23.44,25.8
120.39,23.44,25.8
120.42,23.44,25.8
120.45,23.44,25.9
120.48,23.44,25.9
120.51,23.44,25.9
120.54,23.44,25.9
120.57,23.44,25.9
120.6,23.44,26.1
120.63,23.44,22.8
120.66,23.44,24.4
120.69,23.44,25.8
120.72,23.44,25.2
120.75,23.44,24.5
120.78,23.44,25.1
120.81,23.44,23.2
120.84,23.44,21.2
120.87,23.44,22.7
120.9,23.44,20.1
120.93,23.44,22.4
120.96,23.44,22.5
120.99,23.44,19.3
121.02,23.44,16.8
121.05,23.44,20.3
121.08,23.44,19.4
121.11,23.44,9.7
121.14,23.44,6.3
121.17,23.44,7.0
121.2,23.44,13.0
121.23,23.44,12.8
121.26,23.44,3.8
121.29,23.44,7.6
121.32,23.44,17.8
121.35,23.44,21.9
121.38,23.44,15.2
121.41,23.44,19.3
121.44,23.44,9.3
121.47,23.44,22.1
121.5,23.44,26.0
121.53,23.44,26.4
121.56,23.44,26.6
121.59,23.44,23.9
120.33,23.41,25.8
120.36,23.41,25.8
120.39,23.41,25.9
120.42,23.41,25.9
120.45,23.41,26.0
120.48,23.41,26.0
120.51,23.41,26.0
120.54,23.41,25.7
120.57,23.41,26.1
120.6,23.41,26.2
120.63,23.41,23.0
120.66,23.41,25.3
120.69,23.41,26.0
120.72,23.41,25.2
120.75,23.41,25.1
120.78,23.41,24.8
120.81,23.41,21.5
120.84,23.41,19.4
120.87,23.41,22.1
120.9,23.41,22.3
120.93,23.41,22.0
120.96,23.41,23.5
120.99,23.41,23.1
121.02,23.41,17.6
121.05,23.41,21.0
121.08,23.41,21.5
121.11,23.41,17.6
121.14,23.41,13.4
121.17,23.41,13.7
121.2,23.41,16.7
121.23,23.41,12.4
121.26,23.41,7.9
121.29,23.41,8.8
121.32,23.41,12.5
121.35,23.41,11.5
121.38,23.41,5.3
121.41,23.41,10.4
121.44,23.41,9.3
121.47,23.41,15.6
121.5,23.41,25.9
121.53,23.41,25.7
121.56,23.41,26.2
121.59,23.41,26.2
120.33,23.38,25.9
120.36,23.38,25.9
120.39,23.38,26.0
120.42,23.38,26.0
120.45,23.38,26.1
120.48,23.38,27.0
120.51,23.38,26.1
120.54,23.38,26.1
120.57,23.38,26.5
120.6,23.38,26.2
120.63,23.38,23.4
120.66,23.38,25.3
120.69,23.38,26.0
120.72,23.38,25.1
120.75,23.38,24.9
120.78,23.38,24.9
120.81,23.38,20.5
120.84,23.38,21.5
120.87,23.38,23.0
120.9,23.38,22.5
120.93,23.38,23.8
120.96,23.38,24.7
120.99,23.38,24.4
121.02,23.38,18.7
121.05,23.38,18.5
121.08,23.38,21.9
121.11,23.38,20.8
121.14,23.38,17.0
121.17,23.38,18.7
121.2,23.38,18.7
121.23,23.38,17.5
121.26,23.38,5.6
121.29,23.38,4.1
121.32,23.38,6.4
121.35,23.38,7.9
121.38,23.38,11.7
121.41,23.38,17.3
121.44,23.38,16.1
121.47,23.38,19.3
121.5,23.38,26.1
121.53,23.38,26.7
121.56,23.38,26.3
121.59,23.38,26.1
120.36,23.35,25.9
120.39,23.35,26.0
120.42,23.35,26.2
120.45,23.35,26.2
120.48,23.35,26.2
120.51,23.35,25.8
120.54,23.35,26.2
120.57,23.35,26.3
120.6,23.35,25.8
120.63,23.35,25.5
120.66,23.35,25.9
120.69,23.35,25.8
120.72,23.35,25.6
120.75,23.35,25.6
120.78,23.35,25.6
120.81,23.35,23.3
120.84,23.35,22.1
120.87,23.35,24.9
120.9,23.35,24.5
120.93,23.35,24.9
120.96,23.35,24.9
120.99,23.35,25.3
121.02,23.35,21.3
121.05,23.35,18.5
121.08,23.35,18.3
121.11,23.35,19.3
121.14,23.35,20.1
121.17,23.35,13.5
121.2,23.35,9.3
121.23,23.35,11.3
121.26,23.35,4.7
121.29,23.35,7.9
121.32,23.35,11.5
121.35,23.35,11.8
121.38,23.35,16.1
121.41,23.35,16.2
121.44,23.35,23.6
121.47,23.35,26.0
121.5,23.35,20.7
121.53,23.35,21.9
121.56,23.35,27.0
121.59,23.35,26.1
121.62,23.35,26.0
120.36,23.32,26.0
120.39,23.32,26.1
120.42,23.32,27.0
120.45,23.32,26.3
120.48,23.32,26.3
120.51,23.32,26.2
120.54,23.32,26.3
120.57,23.32,26.3
120.6,23.32,25.1
120.63,23.32,26.2
120.66,23.32,25.3
120.69,23.32,26.2
120.72,23.32,26.1
120.75,23.32,25.4
120.78,23.32,22.8
120.81,23.32,25.8
120.84,23.32,25.6
120.87,23.32,24.2
120.9,23.32,23.9
120.93,23.32,22.8
120.96,23.32,25.6
120.99,23.32,24.5
121.02,23.32,21.0
121.05,23.32,24.7
121.08,23.32,25.1
121.11,23.32,23.2
121.14,23.32,22.6
121.17,23.32,22.0
121.2,23.32,20.7
121.23,23.32,16.6
121.26,23.32,11.3
121.29,23.32,14.0
121.32,23.32,19.8
121.35,23.32,23.4
121.38,23.32,25.1
121.41,23.32,25.6
121.44,23.32,22.5
121.47,23.32,18.7
121.5,23.32,19.9
121.53,23.32,26.5
121.56,23.32,27.2
121.59,23.32,26.3
121.62,23.32,26.0
120.39,23.29,26.2
120.42,23.29,26.3
120.45,23.29,26.3
120.48,23.29,26.3
120.51,23.29,26.3
120.54,23.29,27.4
120.57,23.29,26.1
120.6,23.29,25.3
120.63,23.29,26.4
120.66,23.29,26.4
120.69,23.29,25.6
120.72,23.29,25.5
120.75,23.29,25.0
120.78,23.29,23.9
120.81,23.29,24.4
120.84,23.29,24.4
120.87,23.29,25.6
120.9,23.29,24.0
120.93,23.29,22.0
120.96,23.29,23.9
120.99,23.29,24.8
121.02,23.29,16.7
121.05,23.29,19.1
121.08,23.29,21.5
121.11,23.29,21.5
121.14,23.29,22.9
121.17,23.29,17.6
121.2,23.29,21.4
121.23,23.29,19.3
121.26,23.29,14.5
121.29,23.29,7.9
121.32,23.29,17.9
121.35,23.29,21.4
121.38,23.29,19.0
121.41,23.29,18.3
121.44,23.29,20.0
121.47,23.29,14.4
121.5,23.29,16.7
121.53,23.29,23.3
121.56,23.29,22.7
121.59,23.29,25.1
120.42,23.26,25.9
120.45,23.26,26.3
120.48,23.26,26.4
120.51,23.26,26.4
120.54,23.26,26.4
120.57,23.26,26.1
120.6,23.26,26.5
120.63,23.26,26.6
120.66,23.26,25.8
120.69,23.26,26.8
120.72,23.26,26.6
120.75,23.26,25.8
120.78,23.26,25.2
120.81,23.26,23.5
120.84,23.26,23.0
120.87,23.26,26.0
120.9,23.26,25.4
120.93,23.26,25.6
120.96,23.26,26.3
120.99,23.26,26.1
121.02,23.26,24.3
121.05,23.26,19.5
121.08,23.26,21.9
121.11,23.26,18.2
121.14,23.26,22.0
121.17,23.26,19.1
121.2,23.26,21.5
121.23,23.26,16.0
121.26,23.26,14.7
121.29,23.26,8.1
121.32,23.26,11.6
121.35,23.26,16.5
121.38,23.26,14.2
121.41,23.26,7.5
121.44,23.26,12.3
121.47,23.26,12.1
121.5,23.26,17.0
121.53,23.26,20.7
121.56,23.26,25.0
121.59,23.26,26.0
120.45,23.23,26.4
120.48,23.23,26.4
120.51,23.23,26.5
120.54,23.23,26.5
120.57,23.23,26.5
120.6,23.23,25.7
120.63,23.23,26.7
120.66,23.23,26.8
120.69,23.23,28.1
120.72,23.23,26.9
120.75,23.23,23.6
120.78,23.23,25.9
120.81,23.23,24.6
120.84,23.23,24.2
120.87,23.23,25.3
120.9,23.23,23.9
120.93,23.23,25.0
120.96,23.23,23.9
120.99,23.23,24.9
121.02,23.23,26.9
121.05,23.23,25.4
121.08,23.23,25.8
121.11,23.23,24.3
121.14,23.23,23.9
121.17,23.23,17.9
121.2,23.23,18.4
121.23,23.23,21.6
121.26,23.23,20.0
121.29,23.23,16.0
121.32,23.23,6.3
121.35,23.23,9.7
121.38,23.23,8.7
121.41,23.23,8.4
121.44,23.23,12.4
121.47,23.23,9.3
121.5,23.23,22.4
121.53,23.23,22.5
121.56,23.23,27.4
121.59,23.23,26.8
120.45,23.2,26.5
120.48,23.2,26.5
120.51,23.2,26.5
120.54,23.2,26.6
120.57,23.2,26.7
120.6,23.2,26.4
120.63,23.2,26.3
120.66,23.2,26.7
120.69,23.2,26.9
120.72,23.2,26.8
120.75,23.2,26.4
120.78,23.2,26.1
120.81,23.2,23.9
120.84,23.2,22.0
120.87,23.2,24.5
120.9,23.2,24.1
120.93,23.2,23.4
120.96,23.2,23.2
120.99,23.2,18.3
121.02,23.2,18.0
121.05,23.2,21.3
121.08,23.2,22.0
121.11,23.2,20.6
121.14,23.2,22.9
121.17,23.2,24.6
121.2,23.2,23.0
121.23,23.2,18.8
121.26,23.2,11.1
121.29,23.2,11.0
121.32,23.2,12.5
121.35,23.2,14.3
121.38,23.2,17.0
121.41,23.2,16.3
121.44,23.2,13.4
121.47,23.2,11.6
121.5,23.2,15.8
121.53,23.2,13.3
121.56,23.2,21.0
121.59,23.2,21.5
121.62,23.2,26.5
120.48,23.17,26.6
120.51,23.17,26.6
120.54,23.17,26.7
120.57,23.17,24.8
120.6,23.17,26.1
120.63,23.17,26.5
120.66,23.17,26.4
120.69,23.17,26.5
120.72,23.17,26.7
120.75,23.17,26.0
120.78,23.17,25.4
120.81,23.17,25.1
120.84,23.17,25.0
120.87,23.17,24.8
120.9,23.17,24.9
120.93,23.17,24.6
120.96,23.17,25.2
120.99,23.17,21.4
121.02,23.17,16.1
121.05,23.17,10.2
121.08,23.17,14.5
121.11,23.17,13.0
121.14,23.17,21.2
121.17,23.17,23.4
121.2,23.17,21.8
121.23,23.17,14.5
121.26,23.17,11.9
121.29,23.17,13.0
121.32,23.17,17.5
121.35,23.17,18.0
121.38,23.17,19.6
121.41,23.17,22.0
121.44,23.17,22.7
121.47,23.17,19.9
121.5,23.17,23.2
121.53,23.17,24.9
121.56,23.17,26.4
121.59,23.17,27.7
121.62,23.17,26.9
120.51,23.14,26.7
120.54,23.14,26.8
120.57,23.14,26.0
120.6,23.14,25.7
120.63,23.14,26.6
120.66,23.14,26.4
120.69,23.14,26.4
120.72,23.14,26.4
120.75,23.14,26.0
120.78,23.14,25.6
120.81,23.14,24.0
120.84,23.14,25.3
120.87,23.14,23.3
120.9,23.14,24.7
120.93,23.14,24.7
120.96,23.14,22.1
120.99,23.14,20.5
121.02,23.14,21.4
121.05,23.14,16.4
121.08,23.14,10.2
121.11,23.14,15.3
121.14,23.14,13.3
121.17,23.14,20.2
121.2,23.14,22.1
121.23,23.14,13.9
121.26,23.14,12.3
121.29,23.14,10.2
121.32,23.14,13.9
121.35,23.14,16.5
121.38,23.14,15.5
121.41,23.14,18.3
121.44,23.14,24.3
121.47,23.14,25.0
121.5,23.14,25.0
121.53,23.14,22.8
121.56,23.14,21.7
121.59,23.14,24.6
121.62,23.14,26.2
120.51,23.11,26.8
120.54,23.11,26.8
120.57,23.11,26.7
120.6,23.11,24.8
120.63,23.11,26.1
120.66,23.11,26.2
120.69,23.11,25.9
120.72,23.11,26.2
120.75,23.11,25.3
120.78,23.11,24.0
120.81,23.11,24.6
120.84,23.11,25.3
120.87,23.11,23.9
120.9,23.11,22.3
120.93,23.11,17.9
120.96,23.11,17.7
120.99,23.11,21.8
121.02,23.11,24.1
121.05,23.11,24.5
121.08,23.11,21.3
121.11,23.11,16.3
121.14,23.11,11.9
121.17,23.11,12.0
121.2,23.11,17.5
121.23,23.11,14.1
121.26,23.11,17.9
121.29,23.11,17.4
121.32,23.11,12.7
121.35,23.11,10.3
121.38,23.11,15.8
121.41,23.11,18.7
121.44,23.11,19.4
121.47,23.11,25.0
121.5,23.11,20.6
121.53,23.11,18.2
121.56,23.11,15.5
121.59,23.11,15.4
121.62,23.11,23.9
121.65,23.11,21.4
121.68,23.11,25.0
120.54,23.08,26.9
120.57,23.08,26.9
120.6,23.08,25.5
120.63,23.08,25.8
120.66,23.08,26.0
120.69,23.08,26.1
120.72,23.08,26.2
120.75,23.08,25.4
120.78,23.08,23.9
120.81,23.08,25.8
120.84,23.08,25.7
120.87,23.08,25.1
120.9,23.08,21.6
120.93,23.08,18.3
120.96,23.08,19.3
120.99,23.08,19.3
121.02,23.08,19.0
121.05,23.08,21.3
121.08,23.08,23.6
121.11,23.08,23.1
121.14,23.08,18.9
121.17,23.08,21.9
121.2,23.08,19.6
121.23,23.08,14.1
121.26,23.08,19.4
121.29,23.08,13.8
121.32,23.08,13.4
121.35,23.08,9.5
121.38,23.08,13.1
121.41,23.08,13.7
121.44,23.08,19.7
121.47,23.08,22.0
121.5,23.08,22.1
121.53,23.08,15.9
121.56,23.08,10.2
121.59,23.08,17.9
121.62,23.08,21.4
121.65,23.08,15.1
121.68,23.08,22.7
120.54,23.05,27.0
120.57,23.05,27.0
120.6,23.05,26.2
120.63,23.05,25.6
120.66,23.05,25.9
120.69,23.05,26.0
120.72,23.05,26.0
120.75,23.05,26.0
120.78,23.05,26.3
120.81,23.05,26.0
120.84,23.05,25.5
120.87,23.05,25.2
120.9,23.05,25.2
120.93,23.05,23.9
120.96,23.05,21.0
120.99,23.05,19.7
121.02,23.05,13.2
121.05,23.05,14.7
121.08,23.05,20.3
121.11,23.05,17.8
121.14,23.05,18.8
121.17,23.05,17.3
121.2,23.05,19.6
121.23,23.05,21.3
121.26,23.05,21.2
121.29,23.05,19.7
121.32,23.05,10.2
121.35,23.05,15.9
121.38,23.05,9.6
121.41,23.05,16.4
121.44,23.05,15.3
121.47,23.05,16.0
121.5,23.05,21.6
121.53,23.05,13.0
121.56,23.05,15.7
121.59,23.05,15.7
121.62,23.05,14.7
121.65,23.05,23.5
121.68,23.05,26.7
121.71,23.05,18.6
121.74,23.05,27.2
120.57,23.02,27.0
120.6,23.02,26.8
120.63,23.02,26.5
120.66,23.02,25.8
120.69,23.02,25.9
120.72,23.02,26.5
120.75,23.02,25.4
120.78,23.02,26.0
120.81,23.02,25.5
120.84,23.02,25.4
120.87,23.02,25.4
120.9,23.02,21.7
120.93,23.02,24.7
120.96,23.02,23.5
120.99,23.02,21.4
121.02,23.02,16.3
121.05,23.02,10.7
121.08,23.02,8.9
121.11,23.02,10.8
121.14,23.02,13.1
121.17,23.02,15.4
121.2,23.02,11.8
121.23,23.02,17.2
121.26,23.02,20.2
121.29,23.02,21.2
121.32,23.02,19.4
121.35,23.02,17.7
121.38,23.02,13.9
121.41,23.02,6.6
121.44,23.02,10.8
121.47,23.02,16.9
121.5,23.02,15.2
121.53,23.02,16.7
121.56,23.02,17.7
121.59,23.02,21.4
121.62,23.02,16.1
121.65,23.02,19.5
121.68,23.02,23.3
121.71,23.02,26.5
121.74,23.02,28.4
120.57,22.99,26.9
120.6,22.99,26.9
120.63,22.99,26.7
120.66,22.99,26.3
120.69,22.99,26.5
120.72,22.99,26.2
120.75,22.99,25.9
120.78,22.99,25.6
120.81,22.99,25.8
120.84,22.99,26.0
120.87,22.99,25.5
120.9,22.99,24.0
120.93,22.99,24.6
120.96,22.99,21.7
120.99,22.99,19.8
121.02,22.99,21.0
121.05,22.99,13.3
121.08,22.99,10.3
121.11,22.99,5.7
121.14,22.99,7.3
121.17,22.99,13.4
121.2,22.99,6.2
121.23,22.99,16.8
121.26,22.99,18.0
121.29,22.99,19.8
121.32,22.99,18.2
121.35,22.99,15.2
121.38,22.99,15.9
121.41,22.99,11.8
121.44,22.99,7.8
121.47,22.99,11.5
121.5,22.99,11.8
121.53,22.99,13.5
121.56,22.99,22.2
121.59,22.99,24.7
121.62,22.99,26.2
121.65,22.99,22.8
121.68,22.99,28.3
121.71,22.99,26.9
121.74,22.99,28.3
120.6,22.96,26.9
120.63,22.96,26.9
120.66,22.96,26.6
120.69,22.96,26.6
120.72,22.96,24.6
120.75,22.96,24.3
120.78,22.96,25.4
120.81,22.96,23.6
120.84,22.96,25.1
120.87,22.96,25.7
120.9,22.96,20.7
120.93,22.96,21.1
120.96,22.96,23.9
120.99,22.96,23.2
121.02,22.96,22.3
121.05,22.96,15.5
121.08,22.96,18.3
121.11,22.96,11.7
121.14,22.96,9.0
121.17,22.96,7.5
121.2,22.96,7.7
121.23,22.96,8.5
121.26,22.96,15.1
121.29,22.96,17.7
121.32,22.96,16.7
121.35,22.96,17.0
121.38,22.96,16.3
121.41,22.96,11.9
121.44,22.96,2.5
121.47,22.96,9.0
121.5,22.96,13.5
121.53,22.96,17.1
121.56,22.96,23.3
121.59,22.96,19.4
121.62,22.96,27.2
121.65,22.96,25.8
121.68,22.96,24.2
121.71,22.96,16.8
121.74,22.96,21.2
121.77,22.96,27.7
120.6,22.93,27.0
120.63,22.93,27.0
120.66,22.93,26.2
120.69,22.93,26.7
120.72,22.93,25.9
120.75,22.93,24.3
120.78,22.93,25.1
120.81,22.93,25.3
120.84,22.93,24.7
120.87,22.93,25.6
120.9,22.93,25.0
120.93,22.93,23.7
120.96,22.93,21.1
120.99,22.93,22.9
121.02,22.93,23.0
121.05,22.93,15.6
121.08,22.93,19.7
121.11,22.93,13.3
121.14,22.93,18.2
121.17,22.93,14.3
121.2,22.93,8.5
121.23,22.93,5.1
121.26,22.93,10.5
121.29,22.93,14.8
121.32,22.93,13.4
121.35,22.93,18.1
121.38,22.93,22.2
121.41,22.93,17.1
121.44,22.93,8.3
121.47,22.93,16.6
121.5,22.93,16.9
121.53,22.93,20.4
121.56,22.93,25.6
121.59,22.93,26.3
121.62,22.93,27.4
121.65,22.93,22.3
121.68,22.93,17.1
121.71,22.93,19.3
121.74,22.93,22.1
121.77,22.93,25.7
120.63,22.9,27.0
120.66,22.9,26.9
120.69,22.9,26.8
120.72,22.9,26.5
120.75,22.9,24.6
120.78,22.9,24.7
120.81,22.9,26.3
120.84,22.9,23.8
120.87,22.9,23.9
120.9,22.9,24.0
120.93,22.9,24.3
120.96,22.9,17.0
120.99,22.9,18.8
121.02,22.9,19.0
121.05,22.9,20.0
121.08,22.9,21.0
121.11,22.9,19.7
121.14,22.9,17.7
121.17,22.9,18.2
121.2,22.9,16.7
121.23,22.9,14.5
121.26,22.9,6.8
121.29,22.9,9.7
121.32,22.9,12.6
121.35,22.9,20.6
121.38,22.9,23.3
121.41,22.9,21.2
121.44,22.9,14.4
121.47,22.9,14.8
121.5,22.9,20.7
121.53,22.9,23.3
121.56,22.9,17.9
121.59,22.9,23.4
121.62,22.9,25.8
121.65,22.9,21.4
121.68,22.9,25.9
121.71,22.9,27.4
121.74,22.9,27.7
121.77,22.9,28.0
120.66,22.87,27.0
120.69,22.87,27.0
120.72,22.87,26.7
120.75,22.87,24.9
120.78,22.87,25.8
120.81,22.87,26.2
120.84,22.87,26.5
120.87,22.87,26.3
120.9,22.87,25.5
120.93,22.87,25.1
120.96,22.87,24.4
120.99,22.87,23.0
121.02,22.87,16.7
121.05,22.87,19.2
121.08,22.87,17.9
121.11,22.87,19.4
121.14,22.87,15.0
121.17,22.87,11.1
121.2,22.87,11.0
121.23,22.87,10.5
121.26,22.87,8.0
121.29,22.87,15.5
121.32,22.87,12.3
121.35,22.87,18.4
121.38,22.87,23.8
121.41,22.87,26.0
121.44,22.87,23.6
121.47,22.87,12.3
121.5,22.87,14.4
121.53,22.87,15.9
121.56,22.87,20.1
121.59,22.87,17.5
121.62,22.87,21.2
121.65,22.87,22.5
121.68,22.87,25.1
121.71,22.87,20.8
121.74,22.87,24.4
121.77,22.87,28.4
121.8,22.87,26.4
120.69,22.84,26.9
120.72,22.84,26.7
120.75,22.84,25.7
120.78,22.84,26.4
120.81,22.84,26.2
120.84,22.84,26.5
120.87,22.84,23.5
120.9,22.84,25.5
120.93,22.84,23.9
120.96,22.84,19.5
120.99,22.84,19.7
121.02,22.84,18.5
121.05,22.84,13.3
121.08,22.84,16.9
121.11,22.84,12.8
121.14,22.84,16.7
121.17,22.84,15.8
121.2,22.84,14.4
121.23,22.84,8.7
121.26,22.84,10.3
121.29,22.84,14.7
121.32,22.84,16.8
121.35,22.84,11.8
121.38,22.84,20.4
121.41,22.84,26.3
121.44,22.84,23.5
121.47,22.84,16.7
121.5,22.84,18.8
121.53,22.84,16.7
121.56,22.84,18.1
121.59,22.84,16.6
121.62,22.84,19.5
121.65,22.84,21.6
121.68,22.84,18.4
121.71,22.84,17.1
121.74,22.84,21.9
121.77,22.84,27.8
121.8,22.84,24.7
121.83,22.84,26.6
120.72,22.81,25.3
120.75,22.81,26.4
120.78,22.81,26.2
120.81,22.81,26.7
120.84,22.81,26.6
120.87,22.81,25.7
120.9,22.81,25.6
120.93,22.81,25.4
120.96,22.81,22.9
120.99,22.81,19.7
121.02,22.81,17.3
121.05,22.81,16.3
121.08,22.81,19.1
121.11,22.81,16.1
121.14,22.81,17.2
121.17,22.81,18.1
121.2,22.81,12.1
121.23,22.81,16.1
121.26,22.81,14.9
121.29,22.81,11.7
121.32,22.81,17.3
121.35,22.81,19.4
121.38,22.81,16.4
121.41,22.81,23.0
121.44,22.81,26.7
121.47,22.81,20.1
121.5,22.81,22.4
121.53,22.81,24.4
121.56,22.81,17.2
121.59,22.81,14.1
121.62,22.81,19.8
121.65,22.81,20.7
121.68,22.81,20.1
121.71,22.81,25.0
121.74,22.81,27.1
121.77,22.81,25.9
121.8,22.81,27.7
121.83,22.81,27.3
120.72,22.78,26.2
120.75,22.78,26.7
120.78,22.78,26.1
120.81,22.78,26.8
120.84,22.78,26.8
120.87,22.78,26.4
120.9,22.78,24.6
120.93,22.78,26.0
120.96,22.78,24.2
120.99,22.78,23.7
121.02,22.78,22.7
121.05,22.78,20.9
121.08,22.78,21.0
121.11,22.78,23.0
121.14,22.78,22.0
121.17,22.78,17.9
121.2,22.78,11.9
121.23,22.78,18.3
121.26,22.78,13.3
121.29,22.78,15.7
121.32,22.78,15.9
121.35,22.78,21.2
121.38,22.78,17.4
121.41,22.78,20.4
121.44,22.78,26.1
121.47,22.78,26.6
121.5,22.78,21.0
121.53,22.78,25.4
121.56,22.78,19.5
121.59,22.78,20.3
121.62,22.78,20.8
121.65,22.78,22.1
121.68,22.78,23.0
121.71,22.78,25.5
121.74,22.78,24.2
121.77,22.78,20.4
121.8,22.78,22.2
121.83,22.78,26.5
121.86,22.78,28.3
120.72,22.75,26.5
120.75,22.75,26.6
120.78,22.75,26.6
120.81,22.75,26.9
120.84,22.75,27.0
120.87,22.75,26.1
120.9,22.75,26.9
120.93,22.75,26.6
120.96,22.75,25.0
120.99,22.75,25.5
121.02,22.75,24.0
121.05,22.75,22.0
121.08,22.75,19.7
121.11,22.75,24.7
121.14,22.75,21.0
121.17,22.75,16.0
121.2,22.75,13.3
121.23,22.75,20.2
121.26,22.75,18.8
121.29,22.75,13.9
121.32,22.75,20.9
121.35,22.75,17.4
121.38,22.75,15.5
121.41,22.75,19.5
121.44,22.75,23.2
121.47,22.75,26.8
121.5,22.75,26.8
121.53,22.75,25.9
121.56,22.75,21.5
121.59,22.75,23.6
121.62,22.75,24.6
121.65,22.75,23.1
121.68,22.75,27.6
121.71,22.75,26.3
121.74,22.75,24.0
121.77,22.75,26.3
121.8,22.75,27.5
121.83,22.75,28.4
120.78,22.72,25.4
120.81,22.72,26.4
120.84,22.72,26.6
120.87,22.72,26.7
120.9,22.72,26.9
120.93,22.72,26.9
120.96,22.72,26.5
120.99,22.72,24.1
121.02,22.72,24.0
121.05,22.72,22.5
121.08,22.72,20.9
121.11,22.72,24.3
121.14,22.72,22.6
121.17,22.72,19.8
121.2,22.72,17.4
121.23,22.72,14.1
121.26,22.72,21.9
121.29,22.72,22.5
121.32,22.72,17.3
121.35,22.72,15.7
121.38,22.72,19.0
121.41,22.72,20.2
121.44,22.72,19.6
121.47,22.72,22.0
121.5,22.72,25.6
121.53,22.72,27.7
121.56,22.72,27.3
121.59,22.72,26.2
121.62,22.72,26.7
121.65,22.72,26.9
121.68,22.72,27.8
121.71,22.72,27.3
121.74,22.72,28.1
121.77,22.72,27.7
121.8,22.72,28.4
121.83,22.72,28.3
120.78,22.69,26.8
120.81,22.69,26.6
120.84,22.69,26.7
120.87,22.69,26.9
120.9,22.69,26.9
120.93,22.69,27.0
120.96,22.69,26.6
120.99,22.69,26.5
121.02,22.69,25.5
121.05,22.69,24.1
121.08,22.69,24.4
121.11,22.69,26.4
121.14,22.69,24.5
121.17,22.69,18.7
121.2,22.69,20.0
121.23,22.69,19.3
121.26,22.69,20.6
121.29,22.69,23.1
121.32,22.69,22.0
121.35,22.69,18.4
121.38,22.69,16.9
121.41,22.69,23.9
121.44,22.69,22.0
121.47,22.69,19.4
121.5,22.69,25.6
121.53,22.69,25.5
121.56,22.69,27.6
121.59,22.69,27.6
121.62,22.69,26.0
121.65,22.69,25.1
121.68,22.69,27.0
121.71,22.69,28.2
121.74,22.69,28.4
121.77,22.69,28.2
121.8,22.69,28.2
121.83,22.69,28.3
120.84,22.66,26.2
120.87,22.66,26.9
120.9,22.66,27.0
120.93,22.66,27.1
120.96,22.66,27.0
120.99,22.66,26.8
121.02,22.66,26.8
121.05,22.66,26.4
121.08,22.66,24.8
121.11,22.66,26.3
121.14,22.66,23.9
121.17,22.66,21.1
121.2,22.66,23.9
121.23,22.66,23.1
121.26,22.66,21.8
121.29,22.66,21.3
121.32,22.66,23.4
121.35,22.66,24.7
121.38,22.66,24.9
121.41,22.66,22.0
121.44,22.66,21.0
121.47,22.66,13.9
121.5,22.66,21.6
121.53,22.66,22.6
121.56,22.66,25.5
121.59,22.66,27.2
121.62,22.66,27.7
121.65,22.66,25.3
121.68,22.66,28.4
121.71,22.66,28.4
121.74,22.66,28.2
121.77,22.66,28.1
121.8,22.66,28.1
121.83,22.66,28.4
120.87,22.63,27.0
120.9,22.63,27.2
120.93,22.63,27.2
120.96,22.63,26.7
120.99,22.63,26.8
121.02,22.63,26.7
121.05,22.63,26.6
121.08,22.63,26.2
121.11,22.63,26.0
121.14,22.63,26.1
121.17,22.63,25.9
121.2,22.63,25.9
121.23,22.63,23.8
121.26,22.63,19.9
121.29,22.63,17.1
121.32,22.63,17.9
121.35,22.63,21.4
121.38,22.63,25.4
121.41,22.63,18.3
121.44,22.63,16.0
121.47,22.63,17.4
121.5,22.63,20.9
121.53,22.63,18.2
121.56,22.63,24.3
121.59,22.63,25.2
121.62,22.63,27.5
121.65,22.63,28.2
121.68,22.63,28.3
121.71,22.63,28.3
121.74,22.63,28.2
121.77,22.63,28.2
121.8,22.63,28.0
120.9,22.6,27.0
120.93,22.6,27.2
120.96,22.6,15.6
120.99,22.6,27.1
121.02,22.6,25.9
121.05,22.6,26.5
121.08,22.6,26.5
121.11,22.6,26.6
121.14,22.6,26.3
121.17,22.6,26.1
121.2,22.6,25.7
121.23,22.6,25.2
121.26,22.6,23.5
121.29,22.6,19.5
121.32,22.6,20.9
121.35,22.6,26.0
121.38,22.6,23.1
121.41,22.6,20.4
121.44,22.6,16.2
121.47,22.6,21.9
121.5,22.6,21.7
121.53,22.6,18.7
121.56,22.6,22.4
121.59,22.6,21.3
121.62,22.6,27.0
121.65,22.6,26.5
121.68,22.6,28.3
121.71,22.6,28.4
121.74,22.6,28.3
121.77,22.6,28.5
121.8,22.6,28.0
120.93,22.57,27.1
120.96,22.57,25.7
120.99,22.57,26.0
121.02,22.57,26.7
121.05,22.57,26.7
121.08,22.57,27.0
121.11,22.57,26.0
121.14,22.57,25.7
121.17,22.57,25.4
121.2,22.57,27.1
121.23,22.57,26.5
121.26,22.57,24.6
121.29,22.57,21.4
121.32,22.57,22.0
121.35,22.57,26.4
121.38,22.57,21.9
121.41,22.57,16.9
121.44,22.57,20.6
121.47,22.57,23.5
121.5,22.57,25.2
121.53,22.57,24.3
121.56,22.57,23.3
121.59,22.57,23.0
121.62,22.57,23.6
121.65,22.57,26.6
121.68,22.57,27.8
121.71,22.57,28.3
121.74,22.57,28.2
121.77,22.57,28.0
121.8,22.57,27.9
120.93,22.54,27.1
120.96,22.54,27.2
120.99,22.54,27.1
121.02,22.54,27.2
121.05,22.54,27.2
121.08,22.54,26.8
121.11,22.54,24.8
121.14,22.54,26.5
121.17,22.54,26.9
121.2,22.54,26.5
121.23,22.54,25.6
121.26,22.54,25.4
121.29,22.54,25.8
121.32,22.54,25.5
121.35,22.54,24.3
121.38,22.54,25.3
121.41,22.54,22.5
121.44,22.54,17.3
121.47,22.54,21.4
121.5,22.54,24.9
121.53,22.54,19.6
121.56,22.54,18.5
121.59,22.54,19.7
121.62,22.54,19.6
121.65,22.54,26.4
121.68,22.54,27.4
121.71,22.54,28.0
121.74,22.54,28.1
121.77,22.54,27.9
121.8,22.54,27.7
120.93,22.51,27.1
120.96,22.51,27.2
120.99,22.51,27.3
121.02,22.51,27.3
121.05,22.51,27.3
121.08,22.51,27.3
121.11,22.51,27.2
121.14,22.51,26.1
121.17,22.51,25.7
121.2,22.51,26.1
121.23,22.51,26.5
121.26,22.51,27.6
121.29,22.51,26.8
121.32,22.51,26.5
121.35,22.51,26.0
121.38,22.51,25.8
121.41,22.51,21.6
121.44,22.51,23.6
121.47,22.51,21.0
121.5,22.51,24.2
121.53,22.51,24.9
121.56,22.51,21.7
121.59,22.51,24.8
121.62,22.51,21.4
121.65,22.51,22.1
121.68,22.51,21.9
121.71,22.51,24.7
121.74,22.51,27.5
121.77,22.51,27.8
121.8,22.51,27.8
121.95,22.51,27.6
120.96,22.48,27.3
120.99,22.48,27.4
121.02,22.48,27.0
121.05,22.48,27.2
121.08,22.48,26.9
121.11,22.48,27.1
121.14,22.48,24.8
121.17,22.48,26.3
121.2,22.48,25.5
121.23,22.48,26.4
121.26,22.48,27.8
121.29,22.48,26.9
121.32,22.48,25.8
121.35,22.48,26.9
121.38,22.48,24.2
121.41,22.48,24.3
121.44,22.48,27.1
121.47,22.48,24.1
121.5,22.48,23.0
121.53,22.48,26.6
121.56,22.48,26.8
121.59,22.48,26.0
121.62,22.48,24.9
121.65,22.48,22.6
121.68,22.48,20.6
121.71,22.48,21.6
121.74,22.48,24.4
121.77,22.48,27.5
121.8,22.48,27.8
120.96,22.45,27.2
120.99,22.45,27.3
121.02,22.45,27.2
121.05,22.45,26.8
121.08,22.45,26.1
121.11,22.45,26.2
121.14,22.45,26.4
121.17,22.45,25.6
121.2,22.45,26.7
121.23,22.45,26.9
121.26,22.45,27.5
121.29,22.45,28.2
121.32,22.45,27.5
121.35,22.45,28.1
121.38,22.45,28.0
121.41,22.45,26.7
121.44,22.45,23.9
121.47,22.45,23.3
121.5,22.45,26.9
121.53,22.45,26.8
121.56,22.45,23.9
121.59,22.45,26.4
121.62,22.45,26.5
121.65,22.45,24.9
121.68,22.45,23.9
121.71,22.45,25.5
121.74,22.45,24.5
121.77,22.45,23.7
121.8,22.45,27.4
121.83,22.45,27.8
120.99,22.42,27.4
121.02,22.42,27.3
121.05,22.42,27.0
121.08,22.42,26.8
121.11,22.42,27.0
121.14,22.42,26.6
121.17,22.42,27.4
121.2,22.42,27.3
121.23,22.42,27.3
121.26,22.42,27.6
121.29,22.42,28.4
121.32,22.42,28.5
121.35,22.42,28.5
121.38,22.42,28.2
121.41,22.42,27.6
121.44,22.42,27.9
121.47,22.42,26.2
121.5,22.42,25.9
121.53,22.42,28.5
121.56,22.42,27.7
121.59,22.42,27.6
121.62,22.42,27.5
121.65,22.42,26.5
121.68,22.42,26.1
121.71,22.42,25.5
121.74,22.42,23.5
121.77,22.42,23.7
121.8,22.42,24.0
121.83,22.42,24.2
121.86,22.42,27.6
121.02,22.39,27.5
121.05,22.39,27.5
121.08,22.39,27.5
121.11,22.39,27.5
121.14,22.39,27.5
121.17,22.39,27.3
121.2,22.39,27.6
121.23,22.39,27.6
121.26,22.39,28.2
121.29,22.39,27.8
121.32,22.39,28.5
121.35,22.39,28.7
121.38,22.39,28.9
121.41,22.39,28.4
121.44,22.39,26.8
121.47,22.39,27.8
121.5,22.39,27.7
121.53,22.39,28.4
121.56,22.39,26.6
121.59,22.39,25.9
121.62,22.39,26.5
121.65,22.39,26.5
121.68,22.39,26.5
121.71,22.39,26.5
121.74,22.39,25.5
121.77,22.39,22.7
121.8,22.39,24.3
121.83,22.39,23.2
121.86,22.39,25.9
121.02,22.36,27.6
121.05,22.36,27.8
121.08,22.36,27.7
121.11,22.36,27.7
121.14,22.36,27.7
121.17,22.36,29.1
121.2,22.36,28.1
121.23,22.36,28.0
121.26,22.36,28.1
121.29,22.36,28.0
121.32,22.36,28.0
121.35,22.36,28.1
121.38,22.36,28.6
121.41,22.36,28.5
121.44,22.36,28.2
121.47,22.36,28.3
121.5,22.36,28.3
121.53,22.36,28.3
121.56,22.36,28.2
121.59,22.36,27.4
121.62,22.36,25.7
121.65,22.36,26.8
121.68,22.36,25.9
121.71,22.36,22.6
121.74,22.36,25.3
121.77,22.36,25.2
121.8,22.36,24.2
121.83,22.36,24.1
121.86,22.36,25.7
121.89,22.36,25.8
121.05,22.33,27.9
121.08,22.33,28.1
121.11,22.33,27.9
121.14,22.33,27.9
121.17,22.33,28.0
121.2,22.33,28.1
121.23,22.33,28.2
121.26,22.33,28.2
121.29,22.33,28.1
121.32,22.33,28.3
121.35,22.33,27.5
121.38,22.33,27.4
121.41,22.33,28.5
121.44,22.33,28.7
121.47,22.33,28.3
121.5,22.33,28.2
121.53,22.33,28.1
121.56,22.33,27.8
121.59,22.33,27.5
121.62,22.33,27.5
121.65,22.33,25.8
121.68,22.33,26.3
121.71,22.33,25.3
121.74,22.33,24.8
121.77,22.33,25.1
121.8,22.33,25.4
121.83,22.33,26.3
121.86,22.33,26.8
121.89,22.33,27.1
121.92,22.33,26.4
121.95,22.33,26.4
121.98,22.33,26.7
121.05,22.3,28.0
121.08,22.3,28.2
121.11,22.3,28.3
121.14,22.3,28.1
121.17,22.3,28.2
121.2,22.3,28.4
121.23,22.3,28.3
121.26,22.3,27.7
121.29,22.3,28.3
121.32,22.3,27.4
121.35,22.3,26.9
121.38,22.3,26.4
121.41,22.3,28.4
121.44,22.3,28.3
121.47,22.3,28.1
121.5,22.3,28.0
121.53,22.3,25.7
121.56,22.3,27.9
121.59,22.3,27.9
121.62,22.3,27.9
121.65,22.3,26.3
121.68,22.3,25.4
121.71,22.3,25.4
121.74,22.3,26.2
121.77,22.3,26.3
121.8,22.3,26.7
121.83,22.3,27.3
121.86,22.3,27.1
121.89,22.3,27.3
121.92,22.3,27.0
121.14,22.27,28.4
121.17,22.27,28.4
121.2,22.27,28.4
121.23,22.27,28.4
121.26,22.27,28.3
121.29,22.27,28.3
121.32,22.27,27.4
121.35,22.27,26.8
121.38,22.27,26.7
121.41,22.27,28.2
121.44,22.27,27.6
121.47,22.27,28.0
121.5,22.27,28.2
121.53,22.27,27.8
121.56,22.27,27.9
121.59,22.27,27.9
121.62,22.27,28.0
121.65,22.27,28.6
121.68,22.27,27.9
121.71,22.27,26.5
121.74,22.27,26.3
121.77,22.27,25.7
121.8,22.27,26.8
121.83,22.27,26.0
121.86,22.27,26.7
121.89,22.27,26.5
121.2,22.24,28.3
121.23,22.24,28.3
121.26,22.24,27.7
121.29,22.24,28.3
121.32,22.24,27.3
121.35,22.24,27.3
121.38,22.24,26.4
121.41,22.24,27.4
121.44,22.24,28.0
121.47,22.24,27.7
121.5,22.24,27.9
121.53,22.24,27.9
121.56,22.24,28.0
121.59,22.24,27.9
121.62,22.24,27.9
121.65,22.24,27.6
121.68,22.24,28.8
121.71,22.24,30.0
121.74,22.24,27.6
121.77,22.24,27.2
121.8,22.24,25.3
121.83,22.24,26.8
121.86,22.24,24.8
121.89,22.24,25.9
121.38,22.21,27.7
121.41,22.21,27.4
121.44,22.21,27.3
121.47,22.21,27.8
121.5,22.21,27.8
121.53,22.21,28.2
121.56,22.21,26.7
121.59,22.21,25.6
121.62,22.21,27.1
121.65,22.21,27.4
121.68,22.21,26.6
121.71,22.21,27.7
121.74,22.21,27.7
121.77,22.21,27.3
121.8,22.21,25.9
121.41,22.18,28.1
121.44,22.18,27.9
121.47,22.18,27.2
121.5,22.18,27.8
121.53,22.18,26.6
121.56,22.18,24.3
121.59,22.18,22.6
121.62,22.18,25.5
121.65,22.18,25.9
121.68,22.18,26.8
121.71,22.18,25.8
121.74,22.18,27.5
121.44,22.15,27.8
121.47,22.15,27.1
121.5,22.15,24.3
121.53,22.15,21.2
121.56,22.15,23.3
121.59,22.15,25.0
121.62,22.15,24.7
121.65,22.15,25.8
121.68,22.15,27.4
121.47,22.12,27.3
121.5,22.12,26.2
121.53,22.12,25.8
121.56,22.12,22.1
121.59,22.12,27.1
121.62,22.12,27.4
121.47,22.09,27.4
121.5,22.09,26.9
121.53,22.09,25.8
121.56,22.09,25.7
121.59,22.09,24.9
121.62,22.09,27.2
121.53,22.06,26.9
121.56,22.06,24.3
121.59,22.06,24.1
